Comment,Designator,Footprint,LCSC Part #,Quantity,Manufacturer Part,Manufacturer,Value,Assembly
MY-2032-12,BT1,BAT-SMD_MY-2032-12,C964833,1,MY-2032-12,MYOUNG,,JLC SMT
1000uF,"C1,C2",CAP-SMD_BD10.0-L10.3-W10.3-FD,C970714,2,RVT1C102M1010 1000UF 16V,DMBJ,1000uF,JLC SMT
10uF,"C18,C19",C0805,C15850,2,CL21A106KAYNNNE,SAMSUNG,10uF,JLC SMT
100nF,"C20,C21,C22,C23",C0402,C1525,4,CL05B104KO5NNNC,SAMSUNG,100nF,JLC SMT
B5819W SL,"D1,D4",SOD-123_L2.7-W1.6-LS3.7-RD-1,C8598,2,B5819W SL,CJ,,JLC SMT
KT-0603R,D3,LED-SMD_L1.6-W0.8-R-RD,C2286,1,KT-0603R,KENTO,,JLC SMT
3557-2,"F1,F2,F3,F4,F5,F6,F7,F8",FUSE-TH_4P-L19.8-W6.7_3557-2,C352820,8,3557-2,Keystone,,Hand solder
KF301-5.0-3P,"J4,J5,J6,J7,J8,J9,J10,J11",CONN-TH_3P-P5.00_KF301-5.0-3P,C474882,8,KF301-5.0-3P,KEFA,,Hand solder
PZ254V-11-03P,J12,HDR-TH_3P-P2.54-V-M,C2937625,1,PZ254V-11-03P,XFCN,,Hand solder
PZ254V-11-04P,J13,HDR-TH_4P-P2.54-V-M,C2691448,1,PZ254V-11-04P,XFCN,,Hand solder
PSMN1R0-30YLDX,"Q1,Q2",LFPAK56-4_L4.9-W4.2-P1.27-LS6.2-BL,C478145,2,PSMN1R0-30YLDX,Nexperia,,JLC SMT
10kΩ,"R7,R19,R20",R0402,C25744,3,0402WGF1002TCE,UNI-ROYAL,10kΩ,JLC SMT
4.7kΩ,"R8,R9",R0402,C25900,2,0402WGF4701TCE,UNI-ROYAL,4.7kΩ,JLC SMT
1kΩ,R10,R0402,C11702,1,0402WGF1001TCE,UNI-ROYAL,1kΩ,JLC SMT
33Ω,"R11,R12,R13,R14,R15,R16,R17,R18",R0402,C25105,8,0402WGF330JTCE,UNI-ROYAL,33Ω,JLC SMT
TS-1187A-B-A-B,SW2,SW-SMD_4P-L5.1-W5.1-P3.70-LS6.5-TL_H1.5,C318884,1,TS-1187A-B-A-B,XKB Connection,,JLC SMT
Raspberry Pi Pico 2,U1,COMM-SMD_L51.0-W21.0-P2.54_SC0916,C41407547,1,Raspberry Pi Pico 2,Raspberry Pi,,Hand solder
SN74AHCT245PWR,"U4,U6",TSSOP-20_L6.5-W4.4-P0.65-LS6.4-BL,C10910,2,SN74AHCT245PWR,TI,,JLC SMT
DS3231SN#T&R,U5,SOIC-16_L10.3-W7.5-P1.27-LS10.3-BL,C9866,1,DS3231SN#T&R,ADI,,JLC SMT
